{"session": "stack2", "r3d_to_sim": {"obj_centroid_r3d": [-0.34529459927281086, 0.10503978061098355, 0.5651419253934862], "obj_centroid_sim": [0.5, 0.0, 0.43], "scale": 0.46165770992883437}, "objects_sim": [[0.4683487475051898, 0.007845717009168224, 0.425], [0.5316512524948102, -0.007845717009168224, 0.425]], "wrist_sim": [[0.43953631303352786, -0.04838518903268632, 0.39521796298543466], [0.43014249029591306, -0.062033680946046485, 0.38645706095147286], [0.4150476963935971, -0.07503510834334777, 0.37280839342565264], [0.40269039717474203, -0.10206728004519607, 0.3640936512506825], [0.3900469821087693, -0.11585748283228518, 0.3551211065773642], [0.3787609001891423, -0.12718229539693482, 0.347863107028518], [0.3670367366206002, -0.1369841646285525, 0.34088273830176724], [0.35372497233580524, -0.14667942289320884, 0.3331150802880289], [0.33744737811210884, -0.1567190679579088, 0.32340298319460276], [0.3199873999702139, -0.16578048631922, 0.31286800553350974], [0.2699418005124625, -0.19460715457019612, 0.29339000363810436], [0.28994169859478175, -0.166877241537615, 0.29471287240629745], [0.24551944825363747, -0.20627081804112132, 0.2782431041006677], [0.24414201191677076, -0.2028059910983607, 0.27579723510093374], [0.23954686318527896, -0.19966506444026122, 0.27179163127608785], [0.2418916971016175, -0.1911086099821646, 0.2689922889242457], [0.2853763990296857, -0.14260830463370167, 0.2831054604922548], [0.29117973767490374, -0.12738440255901348, 0.28165429575325124], [0.24841025953871276, -0.09901753821537423, 0.25516137468912364], [0.30516759769231433, -0.12486667221241077, 0.280013870025822], [0.3172467696076887, -0.12052012175137827, 0.2831504243242277], [0.33254775397669145, -0.11046200616867106, 0.2902184566037908], [0.3374698780115154, -0.11003954223582685, 0.2883702743585222], [0.3451338694002806, -0.10532629956229655, 0.2895293170852785], [0.3529337032334303, -0.08508705454476244, 0.291898532888705], [0.36037711144369583, -0.09809270166786499, 0.29390318615921657], [0.36704325819343697, -0.09576742691636764, 0.2961572399766188], [0.373829020446103, -0.09386689077890209, 0.29891769148521413], [0.38007549520799355, -0.091982422237693, 0.3017424451091378], [0.3867212455272604, -0.08895352465424483, 0.30546041766277693], [0.39273643070961317, -0.08724741277286611, 0.3088918251092911], [0.39888128376911186, -0.08399122842973201, 0.31300963792440634], [0.4055256737620514, -0.08039165527136359, 0.31775046176859734], [0.4123650930018213, -0.07638038130296641, 0.3230074831814716], [0.4198039553100769, -0.07163647674953642, 0.32959012383442493], [0.4276254682374612, -0.065802809811397, 0.3366297005561734], [0.43668131821845274, -0.06001844200794394, 0.3450674107790321], [0.44793892892317594, -0.053109147943079096, 0.35542205693415707], [0.4560164993909079, -0.03148250011683701, 0.36427363543381325], [0.4689734160461486, -0.02620372674543167, 0.37798168356641443], [0.4777861835124699, -0.02328077011371696, 0.38643775926846435], [0.4864209952802786, -0.02474277543490186, 0.3949156161387668], [0.4917652882478531, -0.032575909301492983, 0.3987015773075118], [0.4983512604787792, -0.03309085395855396, 0.40401491437463816], [0.5036086443980548, -0.03154240687749102, 0.40602549246669467], [0.5079446314640603, -0.017640857029509738, 0.40803796916645424], [0.5141184249856884, -0.026967220389413932, 0.4065132440652398], [0.5137657272328413, -0.015510148690293657, 0.40676653980437033], [0.5154179314016776, -0.015949567340963006, 0.40415626177765224], [0.5171080483922812, -0.030838994159704314, 0.4005944427896459], [0.518410344891297, -0.03305987113995357, 0.3963224993754822], [0.5195479937165042, -0.03437169746156474, 0.3913577166865355], [0.5208779139428346, -0.03469639101809846, 0.3859672271833693], [0.5225303011425734, -0.03440418116723226, 0.3801130138937134], [0.5243709688695517, -0.03337101540949461, 0.3738472467880153], [0.5263437289666395, -0.032042281952506024, 0.3680203614961844], [0.528570829235205, -0.02999044883642779, 0.36241687745813994], [0.5306151922188267, -0.02779582970788233, 0.35678799815420864], [0.5333061186963164, -0.024965232869605253, 0.35183176857509346], [0.5362869620832509, -0.021745451275432676, 0.34772028350556966], [0.539291345366214, -0.01836478410171999, 0.3436686882692915], [0.5425266721287826, -0.015042869465177716, 0.3401095081878924], [0.5485943574003663, -0.010884244983423247, 0.3376320570712934], [0.5516924694623287, -0.007914928866639609, 0.3346283479371554], [0.5492954596435379, -0.0066336413253093585, 0.3294110623295474], [0.55533678031527, -0.002352896867258092, 0.3288501372092121], [0.5535729524022102, -0.0006974363076913959, 0.3246323168217986], [0.5557220486764528, 0.002455636915764947, 0.32314661494057345], [0.5622928058784035, 0.006957594071496931, 0.3243777125361231], [0.5607315041883394, 0.009480854429918889, 0.32189595554150935], [0.5653427390828458, 0.01331087357079988, 0.3229353764916229], [0.5640208174332105, 0.015504466378262027, 0.32126152881658326], [0.5649623083495525, 0.018996767622453475, 0.32067937133027913], [0.5697665363774946, 0.021397307830793827, 0.3244368348130714], [0.5704584303127289, 0.023543470800571287, 0.325724884562407], [0.5682142451180621, 0.025057000410676794, 0.3258264978147996], [0.570858620112954, 0.027336433198714843, 0.32993897248734255], [0.5685745688959658, 0.02898666691766938, 0.33039984624495755], [0.569749834629689, 0.03149758744235523, 0.3348360458618705], [0.5712375420090311, 0.03487160270920442, 0.3413287512500273], [0.5706379903653671, 0.03701129479515594, 0.34565903729057695], [0.5710613071309786, 0.039255336279250486, 0.35043648727075105], [0.5716015626080047, 0.04138148517613072, 0.35525695563790616], [0.5720700501924947, 0.04369762737292296, 0.35983663753373185], [0.5726978222110386, 0.04593472644640445, 0.3646075732739812], [0.5738382179367474, 0.05016837478375699, 0.3677881141425357], [0.5735054584065495, 0.04868235437420912, 0.3738049945671326], [0.5735723606402174, 0.04921280421025348, 0.3781119602855399], [0.5735705141571732, 0.04981339285292599, 0.38233983914707775], [0.5736523158084117, 0.050455934919506396, 0.38694501355181904], [0.5735900761361866, 0.05098152785240764, 0.39116046310627833], [0.5735063539126619, 0.05153614333129328, 0.3951623803637298], [0.5734837035571048, 0.05198236863435593, 0.39905468290329177], [0.5733223097659841, 0.05221002406166958, 0.40263353008038505], [0.5739711904228246, 0.05269999741996395, 0.40664343050065804], [0.5737447457968942, 0.05309989839692933, 0.410010719262874], [0.5736150950702907, 0.05340914392829213, 0.4133375730923861], [0.5732441270222788, 0.053815963291330426, 0.41615904493568473], [0.5727841450919116, 0.05417514819176433, 0.41869735571474453], [0.5722776016203897, 0.05445884390881239, 0.42092997888607747], [0.5716294476641912, 0.05459139583093853, 0.42271219019828354], [0.5709340062059879, 0.05475923312646186, 0.4244364253396239], [0.5700744913274769, 0.054964608980447804, 0.42558228506089185], [0.5692695694361437, 0.05526655474623143, 0.4267217106309186], [0.5684228708106676, 0.05541943709805364, 0.42764110212555567], [0.5675957466647756, 0.05543023559871105, 0.428366588141542], [0.5664674567055018, 0.055786526909501394, 0.4281387948903741], [0.5660614898452107, 0.05511661502819662, 0.4292789188450831], [0.5653965224246963, 0.05492860917232928, 0.429695490026638], [0.5647396633250282, 0.05470719220216841, 0.42974461005306913], [0.5641827469669883, 0.05413448075356922, 0.42990428776033873], [0.5636767636189117, 0.053630614639673085, 0.4298023655265248], [0.5631469902760993, 0.0530696615842661, 0.4291444176812358], [0.5627690229908086, 0.05233261740357964, 0.428492920277503], [0.5622950960091802, 0.05136800541401995, 0.4273647559702039], [0.5617483012652439, 0.05037169489814278, 0.4259567376797118], [0.5613549992495583, 0.04952844225810721, 0.42442681382940284], [0.5609499535013267, 0.04850850991098038, 0.4226189121933418], [0.5606161192286284, 0.047378997521044575, 0.4206515578348398], [0.5603178611757962, 