{
  "num_episodes": 30,
  "format": "RLDS",
  "sample_episode_first_step": {
    "observation": {
      "wrist_position": [
        0.0,
        0.0,
        0.0
      ],
      "wrist_orientation": [
        1.0,
        0.0,
        0.0,
        0.0
      ],
      "hand_joints": [
        0.8376,
        0.6978000000000001,
        0.6655356974845835,
        1.0314,
        0.8376,
        0.6978000000000001,
        0.6975182014664741,
        1.0314,
        0.8376,
        0.6978000000000001,
        0.8247534601430873,
        1.0314,
        0.7354137000824837,
        0.6978000000000001,
        0.9863999999999999,
        1.0314
      ]
    },
    "action": [
      0.0003333333333333333,
      0.00034906301489807766,
      0.0,
      1.0,
      0.0,
      0.0,
      0.0,
      1.1168,
      0.9304000000000001,
      0.8873809299794447,
      1.3752000000000002,
      1.1168,
      0.9304000000000001,
      0.9300242686219655,
      1.3752000000000002,
      1.1168,
      0.9304000000000001,
      1.099671280190783,
      1.3752000000000002,
      0.9805516001099783,
      0.9304000000000001,
      1.3152,
      1.3752000000000002
    ],
    "is_first": true,
    "is_last": false,
    "is_terminal": false,
    "language_instruction": "pov cook sample"
  }
}